"seller","day_of_week","income"
Aaron Alexander,Monday,2734.4000
Aaron Alexander,Tuesday,3520.0000
Aaron Alexander,Wednesday,2428.8000
Aaron Alexander,Thursday,2798.4000
Aaron Alexander,Friday,2657.6000
Aaron Alexander,Saturday,2710.4000
Aaron Alexander,Sunday,2480.0000
Abigail Flores,Monday,23142138.1800
Abigail Flores,Tuesday,21825997.6200
Abigail Flores,Wednesday,20838892.2000
Abigail Flores,Thursday,21387284.1000
Abigail Flores,Friday,22374389.5200
Abigail Flores,Saturday,22922781.4200
Abigail Flores,Sunday,20071143.5400
Abigail Wood,Monday,23592205.0000
Abigail Wood,Tuesday,23592205.0000
Abigail Wood,Wednesday,26962520.0000
Abigail Wood,Thursday,26625488.5000
Abigail Wood,Friday,18199701.0000
Abigail Wood,Saturday,21232984.5000
Abigail Wood,Sunday,23592205.0000
Adriana Vance,Monday,4216000.0000
Adriana Vance,Tuesday,3710080.0000
Adriana Vance,Wednesday,1855040.0000
Adriana Vance,Thursday,3541440.0000
Adriana Vance,Friday,2698240.0000
Adriana Vance,Saturday,2192320.0000
Adriana Vance,Sunday,2192320.0000
Adrienne Jiménez,Monday,1819927.0700
Adrienne Jiménez,Tuesday,5459781.2100
Adrienne Jiménez,Wednesday,1819927.0700
Adrienne Jiménez,Thursday,1819927.0700
Adrienne Jiménez,Friday,7279708.2800
Adrienne Jiménez,Saturday,7279708.2800
Adrienne Jiménez,Sunday,5459781.2100
Alberto Ramos,Monday,65200538.4000
Alberto Ramos,Tuesday,50196230.4000
Alberto Ramos,Wednesday,47468174.4000
Alberto Ramos,Thursday,50741841.6000
Alberto Ramos,Friday,58926009.6000
Alberto Ramos,Saturday,55379536.8000
Alberto Ramos,Sunday,48286591.2000
Alexandra Alexander,Monday,6531074.5500
Alexandra Alexander,Tuesday,7982424.4500
Alexandra Alexander,Wednesday,7982424.4500
Alexandra Alexander,Thursday,6531074.5500
Alexandra Alexander,Friday,6531074.5500
Alexandra Alexander,Saturday,2902699.8000
Alexandra Alexander,Sunday,5079724.6500
Alexandria Peterson,Monday,11189776.3900
Alexandria Peterson,Tuesday,10329024.3600
Alexandria Peterson,Wednesday,16354288.5700
Alexandria Peterson,Thursday,8607520.3000
Alexandria Peterson,Friday,9468272.3300
Alexandria Peterson,Saturday,12050528.4200
Alexandria Peterson,Sunday,19797296.6900
Alexis Hall,Monday,7178420.0000
Alexis Hall,Tuesday,5976452.0000
Alexis Hall,Wednesday,7445524.0000
Alexis Hall,Thursday,6610824.0000
Alexis Hall,Friday,6176780.0000
Alexis Hall,Saturday,6577436.0000
Alexis Hall,Sunday,6276944.0000
Alexis Wilson,Monday,109728.0000
Alexis Wilson,Tuesday,100584.0000
Alexis Wilson,Wednesday,73152.0000
Alexis Wilson,Thursday,64008.0000
Alexis Wilson,Friday,45720.0000
Alexis Wilson,Saturday,64008.0000
Alexis Wilson,Sunday,64008.0000
Alicia Chapman,Monday,3359206.5000
Alicia Chapman,Tuesday,2821733.4600
Alicia Chapman,Wednesday,1881155.6400
Alicia Chapman,Thursday,2418628.6800
Alicia Chapman,Friday,2418628.6800
Alicia Chapman,Saturday,2687365.2000
Alicia Chapman,Sunday,1881155.6400
Alison Lal,Monday,336357.7000
Alison Lal,Tuesday,480511.0000
Alison Lal,Wednesday,288306.6000
Alison Lal,Thursday,288306.6000
Alison Lal,Friday,528562.1000
Alison Lal,Saturday,528562.1000
Alison Lal,Sunday,384408.8000
Allison Allen,Monday,563295.0300
Allison Allen,Tuesday,563295.0300
Allison Allen,Wednesday,1126590.0600
Allison Allen,Thursday,1689885.0900
Allison Allen,Friday,563295.0300
Allison Allen,Saturday,563295.0300
Allison Allen,Sunday,2253180.1200
Alvin Zhao,Monday,4051212.0000
Alvin Zhao,Tuesday,2946336.0000
Alvin Zhao,Wednesday,4787796.0000
Alvin Zhao,Thursday,2578044.0000
Alvin Zhao,Friday,2209752.0000
Alvin Zhao,Saturday,2209752.0000
Alvin Zhao,Sunday,2946336.0000
Alvin Zheng,Monday,6226260.0000
Alvin Zheng,Tuesday,7795480.0000
Alvin Zheng,Wednesday,5618820.0000
Alvin Zheng,Thursday,6023780.0000
Alvin Zheng,Friday,7339900.0000
Alvin Zheng,Saturday,6479360.0000
Alvin Zheng,Sunday,5922540.0000
Amanda Bennett,Monday,18137040.4800
Amanda Bennett,Tuesday,18640847.1600
Amanda Bennett,Wednesday,16121813.7600
Amanda Bennett,Thursday,16625620.4400
Amanda Bennett,Friday,19396557.1800
Amanda Bennett,Saturday,15869910.4200
Amanda Bennett,Sunday,16625620.4400
Andrew Hill,Monday,7581.6000
Andrew Hill,Tuesday,19375.2000
Andrew Hill,Wednesday,19375.2000
Andrew Hill,Thursday,12636.0000
Andrew Hill,Friday,11793.6000
Andrew Hill,Saturday,16848.0000
Andrew Hill,Sunday,14320.8000
Angel Phillips,Monday,133857.1500
Angel Phillips,Tuesday,294485.7300
Angel Phillips,Wednesday,240942.8700
Angel Phillips,Thursday,187400.0100
Angel Phillips,Friday,294485.7300
Angel Phillips,Saturday,133857.1500
Angel Phillips,Sunday,214171.4400
Angelica Alexander,Monday,1750102.4000
Angelica Alexander,Tuesday,1647155.2000
Angelica Alexander,Wednesday,1544208.0000
Angelica Alexander,Thursday,1750102.4000
Angelica Alexander,Friday,2058944.0000
Angelica Alexander,Saturday,1955996.8000
Angelica Alexander,Sunday,1750102.4000
Ann Gonzalez,Monday,42875346.4000
Ann Gonzalez,Tuesday,41257408.8000
Ann Gonzalez,Wednesday,36605838.2000
Ann Gonzalez,Thursday,43684315.2000
Ann Gonzalez,Friday,38628260.2000
Ann Gonzalez,Saturday,38223775.8000
Ann Gonzalez,Sunday,37617049.2000
Annette Hill,Monday,692464.5000
Annette Hill,Tuesday,846345.5000
Annette Hill,Wednesday,384702.5000
Annette Hill,Thursday,923286.0000
Annette Hill,Friday,769405.0000
Annette Hill,Saturday,230821.5000
Annette Hill,Sunday,692464.5000
Arianna Bell,Monday,54816720.0000
Arianna Bell,Tuesday,54816720.0000
Arianna Bell,Wednesday,46202664.0000
Arianna Bell,Thursday,45680600.0000
Arianna Bell,Friday,57166008.0000
Arianna Bell,Saturday,45941632.0000
Arianna Bell,Sunday,51684336.0000
Arianna Richardson,Monday,929376.0000
Arianna Richardson,Tuesday,697032.0000
Arianna Richardson,Wednesday,929376.0000
Arianna Richardson,Thursday,1277892.0000
Arianna Richardson,Friday,580860.0000
Arianna Richardson,Saturday,929376.0000
Arianna Richardson,Sunday,1277892.0000
Audrey Diaz,Monday,1977458.0800
Audrey Diaz,Tuesday,3213369.3800
Audrey Diaz,Wednesday,1235911.3000
Audrey Diaz,Thursday,3213369.3800
Audrey Diaz,Friday,988729.0400
Audrey Diaz,Saturday,1730275.8200
Audrey Diaz,Sunday,2224640.3400
Austin Jai,Monday,13613953.5000
Austin Jai,Tuesday,20874728.7000
Austin Jai,Wednesday,20874728.7000
Austin Jai,Thursday,15429147.3000
Austin Jai,Friday,14521550.4000
Austin Jai,Saturday,11798759.7000
Austin Jai,Sunday,11798759.7000
Austin Zhang,Monday,27311.6200
Austin Zhang,Tuesday,35114.9400
Austin Zhang,Wednesday,48770.7500
Austin Zhang,Thursday,35114.9400
Austin Zhang,Friday,39016.6000
Austin Zhang,Saturday,40967.4300
Austin Zhang,Sunday,31213.2800
Barbara Lin,Monday,75923371.2600
Barbara Lin,Tuesday,86660009.6200
Barbara Lin,Wednesday,67487441.1200
Barbara Lin,Thursday,72472308.9300
Barbara Lin,Friday,79374433.5900
Barbara Lin,Saturday,72472308.9300
Barbara Lin,Sunday,76306822.6300
Blake Long,Monday,87365.0400
Blake Long,Tuesday,76444.4100
Blake Long,Wednesday,109206.3000
Blake Long,Thursday,98285.6700
Blake Long,Friday,109206.3000
Blake Long,Saturday,76444.4100
Blake Long,Sunday,87365.0400
Brad Goel,Monday,60935347.2000
Brad Goel,Tuesday,57712804.8000
Brad Goel,Wednesday,62400139.2000
Brad Goel,Thursday,57419846.4000
Brad Goel,Friday,57419846.4000
Brad Goel,Saturday,60349430.4000
Brad Goel,Sunday,49509969.6000
Brad Nath,Monday,1180480.0000
Brad Nath,Tuesday,1855040.0000
Brad Nath,Wednesday,843200.0000
Brad Nath,Thursday,1855040.0000
Brad Nath,Friday,674560.0000
Brad Nath,Saturday,1686400.0000
Brad Nath,Sunday,1686400.0000
Brandon Harris,Monday,263020.8000
Brandon Harris,Tuesday,361653.6000
Brandon Harris,Wednesday,263020.8000
Brandon Harris,Thursday,263020.8000
Brandon Harris,Friday,345214.8000
Brandon Harris,Saturday,213704.4000
Brandon Harris,Sunday,263020.8000
Bridget Chande,Monday,833191.5900
Bridget Chande,Tuesday,779088.2400
Bridget Chande,Wednesday,800729.5800
Bridget Chande,Thursday,584316.1800
Bridget Chande,Friday,735805.5600
Bridget Chande,Saturday,833191.5900
Bridget Chande,Sunday,681702.2100
Caitlin Howard,Monday,150768.0000
Caitlin Howard,Tuesday,288972.0000
Caitlin Howard,Wednesday,263844.0000
Caitlin Howard,Thursday,351792.0000
Caitlin Howard,Friday,188460.0000
Caitlin Howard,Saturday,201024.0000
Caitlin Howard,Sunday,150768.0000
Caleb Campbell,Monday,1923432.0000
Caleb Campbell,Tuesday,1914272.8000
Caleb Campbell,Wednesday,1795203.2000
Caleb Campbell,Thursday,1703611.2000
Caleb Campbell,Friday,1740248.0000
Caleb Campbell,Saturday,1749407.2000
Caleb Campbell,Sunday,1767725.6000
Caleb Li,Monday,1206128.0000
Caleb Li,Tuesday,877184.0000
Caleb Li,Wednesday,932008.0000
Caleb Li,Thursday,712712.0000
Caleb Li,Friday,1041656.0000
Caleb Li,Saturday,822360.0000
Caleb Li,Sunday,1151304.0000
Caleb Patterson,Monday,228051505.8500
Caleb Patterson,Tuesday,199127900.2300
Caleb Patterson,Wednesday,208027471.1900
Caleb Patterson,Thursday,216927042.1500
Caleb Patterson,Friday,225826613.1100
Caleb Patterson,Saturday,244738201.4000
Caleb Patterson,Sunday,224714166.7400
Carla Gonzalez,Monday,232681.8000
Carla Gonzalez,Tuesday,232681.8000
Carla Gonzalez,Thursday,155121.2000
Carla Gonzalez,Friday,77560.6000
Carla Gonzalez,Saturday,387803.0000
Carla Gonzalez,Sunday,155121.2000
Carlos Howard,Monday,1375999.3800
Carlos Howard,Tuesday,1496126.3100
Carlos Howard,Wednesday,1332316.8600
Carlos Howard,Thursday,1452443.7900
Carlos Howard,Friday,1452443.7900
Carlos Howard,Saturday,1255872.4500
Carlos Howard,Sunday,1397840.6400
Caroline Butler,Monday,8504974.8000
Caroline Butler,Tuesday,13229960.8000
Caroline Butler,Wednesday,6614980.4000
Caroline Butler,Thursday,6614980.4000
Caroline Butler,Friday,11339966.4000
Caroline Butler,Saturday,5669983.2000
Caroline Butler,Sunday,3779988.8000
Cassandra Madan,Monday,1257156.1600
Cassandra Madan,Tuesday,1178583.9000
Cassandra Madan,Wednesday,942867.1200
Cassandra Madan,Thursday,1414300.6800
Cassandra Madan,Friday,1335728.4200
Cassandra Madan,Saturday,942867.1200
Cassandra Madan,Sunday,1257156.1600
Catherine Murphy,Monday,2437416.0000
Catherine Murphy,Tuesday,2550492.0000
Catherine Murphy,Wednesday,2349468.0000
Catherine Murphy,Thursday,2462544.0000
Catherine Murphy,Friday,2462544.0000
Catherine Murphy,Saturday,2588184.0000
Catherine Murphy,Sunday,2525364.0000
Catherine Sanders,Monday,665226.0000
Catherine Sanders,Tuesday,388048.5000
Catherine Sanders,Wednesday,332613.0000
Catherine Sanders,Thursday,332613.0000
Catherine Sanders,Friday,388048.5000
Catherine Sanders,Saturday,831532.5000
Catherine Sanders,Sunday,277177.5000
Cedric Ma,Monday,2264392.1600
Cedric Ma,Tuesday,1415245.1000
Cedric Ma,Wednesday,919909.3150
Cedric Ma,Thursday,707622.5500
Cedric Ma,Friday,1273720.5900
Cedric Ma,Saturday,636860.2950
Cedric Ma,Sunday,1061433.8250
Charles Sanders,Monday,19576541.8800
Charles Sanders,Tuesday,19343487.8100
Charles Sanders,Wednesday,13750190.1300
Charles Sanders,Thursday,11885757.5700
Charles Sanders,Friday,17712109.3200
Charles Sanders,Saturday,15847676.7600
Charles Sanders,Sunday,15614622.6900
Charles Watson,Monday,21641.3400
Charles Watson,Tuesday,21641.3400
Charles Watson,Wednesday,10820.6700
Charles Watson,Thursday,10820.6700
Charles Watson,Friday,10820.6700
Charles Watson,Saturday,32462.0100
Charles Watson,Sunday,32462.0100
Christian Garcia,Monday,21001228.8000
Christian Garcia,Tuesday,21310070.4000
Christian Garcia,Wednesday,21413017.6000
Christian Garcia,Thursday,18633443.2000
Christian Garcia,Friday,20280598.4000
Christian Garcia,Saturday,18633443.2000
Christian Garcia,Sunday,20486492.8000
Christian Hughes,Monday,2182444.8000
Christian Hughes,Tuesday,1091222.4000
Christian Hughes,Wednesday,2182444.8000
Christian Hughes,Thursday,3000861.6000
Christian Hughes,Friday,2182444.8000
Christian Hughes,Saturday,4092084.0000
Christian Hughes,Sunday,1091222.4000
Christy Andersen,Monday,2224664.2000
Christy Andersen,Tuesday,2426906.4000
Christy Andersen,Wednesday,1415695.4000
Christy Andersen,Thursday,1820179.8000
Christy Andersen,Friday,1415695.4000
Christy Andersen,Saturday,1415695.4000
Christy Andersen,Sunday,1415695.4000
Clarence Zeng,Monday,152888.8200
Clarence Zeng,Tuesday,174730.0800
Clarence Zeng,Wednesday,196571.3400
Clarence Zeng,Thursday,141968.1900
Clarence Zeng,Friday,131047.5600
Clarence Zeng,Saturday,185650.7100
Clarence Zeng,Sunday,218412.6000
Clayton Zeng,Monday,3582591.3900
Clayton Zeng,Tuesday,2856706.8600
Clayton Zeng,Wednesday,2997200.6400
Clayton Zeng,Thursday,3067447.5300
Clayton Zeng,Friday,3067447.5300
Clayton Zeng,Saturday,2716213.0800
Clayton Zeng,Sunday,2833291.2300
Cody Reed,Monday,12521.6000
Cody Reed,Wednesday,6260.8000
Cody Reed,Thursday,3130.4000
Cody Reed,Friday,9391.2000
Cody Reed,Saturday,6260.8000
Cody Reed,Sunday,15652.0000
Cole Cook,Monday,32716160.0000
Cole Cook,Tuesday,37269440.0000
Cole Cook,Wednesday,29512000.0000
Cole Cook,Thursday,31535680.0000
Cole Cook,Friday,34065280.0000
Cole Cook,Saturday,32547520.0000
Cole Cook,Sunday,34739840.0000
Colleen Nara,Monday,173518.8000
Colleen Nara,Wednesday,57839.6000
Colleen Nara,Thursday,115679.2000
Colleen Nara,Friday,115679.2000
Colleen Nara,Saturday,173518.8000
Colleen Nara,Sunday,115679.2000
Connor Edwards,Monday,196603.2000
Connor Edwards,Tuesday,240292.8000
Connor Edwards,Wednesday,65534.4000
Connor Edwards,Thursday,131068.8000
Connor Edwards,Friday,174758.4000
Connor Edwards,Saturday,218448.0000
Connor Edwards,Sunday,196603.2000
Cristina Xu,Monday,0.0000
Cristina Xu,Tuesday,0.0000
Cristina Xu,Wednesday,0.0000
Cristina Xu,Thursday,0.0000
Cristina Xu,Friday,0.0000
Cristina Xu,Saturday,0.0000
Cristina Xu,Sunday,0.0000
Dakota Russell,Monday,269817.6000
Dakota Russell,Tuesday,228307.2000
Dakota Russell,Wednesday,415104.0000
Dakota Russell,Thursday,394348.8000
Dakota Russell,Friday,290572.8000
Dakota Russell,Saturday,332083.2000
Dakota Russell,Sunday,269817.6000
Dale Holt,Monday,4211712.0000
Dale Holt,Tuesday,5966592.0000
Dale Holt,Wednesday,6317568.0000
Dale Holt,Thursday,4562688.0000
Dale Holt,Friday,6668544.0000
Dale Holt,Saturday,5966592.0000
Dale Holt,Sunday,4562688.0000
Danielle Cooper,Monday,337031.5000
Danielle Cooper,Tuesday,1348126.0000
Danielle Cooper,Wednesday,337031.5000
Danielle Cooper,Thursday,337031.5000
Danielle Cooper,Friday,1011094.5000
Danielle Cooper,Sunday,674063.0000
Danielle Sanders,Monday,4674787.2000
Danielle Sanders,Tuesday,4216046.4000
Danielle Sanders,Wednesday,4347115.2000
Danielle Sanders,Thursday,4368960.0000
Danielle Sanders,Friday,4150512.0000
Danielle Sanders,Saturday,4609252.8000
Danielle Sanders,Sunday,3910219.2000
Danny Vazquez,Monday,6445084.8000
Danny Vazquez,Tuesday,5859168.0000
Danny Vazquez,Wednesday,7616918.4000
Danny Vazquez,Thursday,5273251.2000
Danny Vazquez,Friday,4394376.0000
Danny Vazquez,Saturday,3808459.2000
Danny Vazquez,Sunday,3808459.2000
Dave Richards,Monday,197265.6000
Dave Richards,Tuesday,147949.2000
Dave Richards,Wednesday,197265.6000
Dave Richards,Thursday,180826.8000
Dave Richards,Friday,115071.6000
Dave Richards,Saturday,82194.0000
Dave Richards,Sunday,49316.4000
Deb Waldal,Monday,5735800.0000
Deb Waldal,Tuesday,6410600.0000
Deb Waldal,Wednesday,2699200.0000
Deb Waldal,Thursday,5061000.0000
Deb Waldal,Friday,5398400.0000
Deb Waldal,Saturday,5398400.0000
Deb Waldal,Sunday,5061000.0000
Dennis Wu,Monday,57404480.0000
Dennis Wu,Tuesday,60040400.0000
Dennis Wu,Wednesday,56818720.0000
Dennis Wu,Thursday,57697360.0000
Dennis Wu,Friday,60919040.0000
Dennis Wu,Saturday,51546880.0000
Dennis Wu,Sunday,57990240.0000
Devin Nelson,Monday,823410.0000
Devin Nelson,Tuesday,782239.5000
Devin Nelson,Wednesday,864580.5000
Devin Nelson,Thursday,494046.0000
Devin Nelson,Friday,658728.0000
Devin Nelson,Saturday,658728.0000
Devin Nelson,Sunday,658728.0000
Donald Martinez,Monday,326141.7900
Donald Martinez,Tuesday,150526.9800
Donald Martinez,Wednesday,150526.9800
Donald Martinez,Thursday,326141.7900
Donald Martinez,Friday,225790.4700
Donald Martinez,Saturday,100351.3200
Donald Martinez,Sunday,175614.8100
Donald Raman,Monday,23099906.1100
Donald Raman,Tuesday,20884846.6200
Donald Raman,Wednesday,20884846.6200
Donald Raman,Thursday,22467031.9700
Donald Raman,Friday,22783469.0400
Donald Raman,Saturday,21517720.7600
Donald Raman,Sunday,22783469.0400
Eddie Gomez,Monday,11129272.0000
Eddie Gomez,Tuesday,12719168.0000
Eddie Gomez,Wednesday,9703848.0000
Eddie Gomez,Thursday,9594200.0000
Eddie Gomez,Friday,11238920.0000
Eddie Gomez,Saturday,10800328.0000
Eddie Gomez,Sunday,9703848.0000
Eduardo Brown,Monday,506200.0000
Eduardo Brown,Tuesday,404960.0000
Eduardo Brown,Wednesday,404960.0000
Eduardo Brown,Thursday,455580.0000
Eduardo Brown,Friday,506200.0000
Eduardo Brown,Saturday,303720.0000
Eduardo Brown,Sunday,455580.0000
Eduardo Butler,Monday,7365840.0000
Eduardo Butler,Tuesday,7734132.0000
Eduardo Butler,Wednesday,5892672.0000
Eduardo Butler,Thursday,5156088.0000
Eduardo Butler,Friday,4419504.0000
Eduardo Butler,Saturday,6629256.0000
Eduardo Butler,Sunday,12153636.0000
Eduardo Walker,Monday,128016.0000
Eduardo Walker,Tuesday,192024.0000
Eduardo Walker,Wednesday,164592.0000
Eduardo Walker,Thursday,155448.0000
Eduardo Walker,Friday,155448.0000
Eduardo Walker,Saturday,182880.0000
Eduardo Walker,Sunday,155448.0000
Edwin Deng,Monday,100143143.1000
Edwin Deng,Tuesday,108125567.5500
Edwin Deng,Wednesday,89983693.8000
Edwin Deng,Thursday,79098569.5500
Edwin Deng,Friday,91435043.7000
Edwin Deng,Saturday,84178294.2000
Edwin Deng,Sunday,98691793.2000
Edwin Li,Monday,3834513.7000
Edwin Li,Tuesday,3067610.9600
Edwin Li,Wednesday,3451062.3300
Edwin Li,Thursday,2300708.2200
Edwin Li,Friday,4217965.0700
Edwin Li,Saturday,3067610.9600
Edwin Li,Sunday,2684159.5900
Erik Gutierrez,Monday,6902124.6600
Erik Gutierrez,Tuesday,6518673.2900
Erik Gutierrez,Wednesday,5368319.1800
Erik Gutierrez,Thursday,6135221.9200
Erik Gutierrez,Friday,7285576.0300
Erik Gutierrez,Saturday,8052478.7700
Erik Gutierrez,Sunday,4984867.8100
Ethan Clark,Monday,6886016.2400
Ethan Clark,Tuesday,3443008.1200
Ethan Clark,Wednesday,6025264.2100
Ethan Clark,Thursday,10329024.3600
Ethan Clark,Friday,9468272.3300
Ethan Clark,Saturday,10329024.3600
Ethan Clark,Sunday,4303760.1500
Ethan Lal,Monday,109195624.2000
Ethan Lal,Tuesday,118295259.5500
Ethan Lal,Wednesday,136494530.2500
Ethan Lal,Thursday,147414092.6700
Ethan Lal,Friday,143774238.5300
Ethan Lal,Saturday,116475332.4800
Ethan Lal,Sunday,112835478.3400
Ethan Perry,Monday,1731789.6000
Ethan Perry,Tuesday,1781986.4000
Ethan Perry,Wednesday,1656494.4000
Ethan Perry,Thursday,2032970.4000
Ethan Perry,Friday,1455707.2000
Ethan Perry,Saturday,1882380.0000
Ethan Perry,Sunday,1656494.4000
Ethan Sharma,Monday,616902.8800
Ethan Sharma,Tuesday,732572.1700
Ethan Sharma,Wednesday,655459.3100
Ethan Sharma,Thursday,694015.7400
Ethan Sharma,Friday,809685.0300
Ethan Sharma,Saturday,578346.4500
Ethan Sharma,Sunday,578346.4500
Evelyn Perez,Monday,337792.0000
Evelyn Perez,Tuesday,337792.0000
Evelyn Perez,Wednesday,380016.0000
Evelyn Perez,Thursday,337792.0000
Evelyn Perez,Friday,253344.0000
Evelyn Perez,Saturday,422240.0000
Evelyn Perez,Sunday,380016.0000
Fernando Jenkins,Monday,68295457.6500
Fernando Jenkins,Tuesday,69335490.0000
Fernando Jenkins,Wednesday,69335490.0000
Fernando Jenkins,Thursday,59975198.8500
Fernando Jenkins,Friday,72455587.0500
Fernando Jenkins,Saturday,65868715.5000
Fernando Jenkins,Sunday,74882329.2000
Gabriella Rivera,Monday,117923028.1100
Gabriella Rivera,Tuesday,109315507.8100
Gabriella Rivera,Wednesday,110176259.8400
Gabriella Rivera,Thursday,109315507.8100
Gabriella Rivera,Friday,121366036.2300
Gabriella Rivera,Saturday,106733251.7200
Gabriella Rivera,Sunday,99847235.4800
Gabrielle price,Monday,6933549.0000
Gabrielle price,Tuesday,7626903.9000
Gabrielle price,Wednesday,5200161.7500
Gabrielle price,Thursday,6933549.0000
Gabrielle price,Friday,6586871.5500
Gabrielle price,Saturday,5893516.6500
Gabrielle price,Sunday,5893516.6500
Garrett Murphy,Monday,1746504.0000
Garrett Murphy,Tuesday,2039112.0000
Garrett Murphy,Wednesday,1728216.0000
Garrett Murphy,Thursday,2066544.0000
Garrett Murphy,Friday,1792224.0000
Garrett Murphy,Saturday,1728216.0000
Garrett Murphy,Sunday,1581912.0000
Gerald Martinez,Monday,385564.3000
Gerald Martinez,Tuesday,347007.8700
Gerald Martinez,Wednesday,269895.0100
Gerald Martinez,Thursday,347007.8700
Gerald Martinez,Friday,308451.4400
Gerald Martinez,Saturday,424120.7300
Gerald Martinez,Sunday,231338.5800
Glenn Lu,Monday,50898237.0000
Glenn Lu,Tuesday,55596535.8000
Glenn Lu,Wednesday,47374512.9000
Glenn Lu,Thursday,52072811.7000
Glenn Lu,Friday,48940612.5000
Glenn Lu,Saturday,48157562.7000
Glenn Lu,Sunday,46199938.2000
Glenn Zeng,Monday,269817.6000
Glenn Zeng,Tuesday,269817.6000
Glenn Zeng,Wednesday,166041.6000
Glenn Zeng,Thursday,103776.0000
Glenn Zeng,Friday,103776.0000
Glenn Zeng,Saturday,124531.2000
Glenn Zeng,Sunday,186796.8000
Grant Andersen,Monday,3817413.6000
Grant Andersen,Tuesday,3643894.8000
Grant Andersen,Wednesday,4048772.0000
Grant Andersen,Thursday,4222290.8000
Grant Andersen,Friday,4280130.4000
Grant Andersen,Saturday,3528215.6000
Grant Andersen,Sunday,3933092.8000
Hailey Coleman,Monday,1029705.6000
Hailey Coleman,Tuesday,882604.8000
Hailey Coleman,Wednesday,686470.4000
Hailey Coleman,Thursday,1078739.2000
Hailey Coleman,Friday,539369.6000
Hailey Coleman,Saturday,1127772.8000
Hailey Coleman,Sunday,588403.2000
Hailey Lopez,Monday,3860736.0000
Hailey Lopez,Tuesday,4913664.0000
Hailey Lopez,Wednesday,2105856.0000
Hailey Lopez,Thursday,2105856.0000
Hailey Lopez,Friday,2105856.0000
Hailey Lopez,Saturday,2456832.0000
Hailey Lopez,Sunday,3509760.0000
Hailey Rivera,Monday,3654448.0000
Hailey Rivera,Tuesday,4698576.0000
Hailey Rivera,Wednesday,5481672.0000
Hailey Rivera,Thursday,5220640.0000
Hailey Rivera,Friday,5220640.0000
Hailey Rivera,Saturday,3393416.0000
Hailey Rivera,Sunday,3654448.0000
Hannah Jenkins,Monday,1746787.3800
Hannah Jenkins,Tuesday,1343682.6000
Hannah Jenkins,Wednesday,806209.5600
Hannah Jenkins,Thursday,1612419.1200
Hannah Jenkins,Friday,671841.3000
Hannah Jenkins,Saturday,1209314.3400
Hannah Jenkins,Sunday,671841.3000
Harold Subram,Monday,136391965.5000
Harold Subram,Tuesday,157927539.0000
Harold Subram,Wednesday,128495588.5500
Harold Subram,Thursday,137827670.4000
Harold Subram,Friday,149313309.6000
Harold Subram,Saturday,135674113.0500
Harold Subram,Sunday,142134785.1000
Henry Prasad,Monday,6902893.4000
Henry Prasad,Tuesday,5817045.0000
Henry Prasad,Wednesday,4576075.4000
Henry Prasad,Thursday,5429242.0000
Henry Prasad,Friday,4498514.8000
Henry Prasad,Saturday,5196560.2000
Henry Prasad,Sunday,5041439.0000
Isabel Long,Monday,8318128.0000
Isabel Long,Tuesday,8275904.0000
Isabel Long,Wednesday,10175984.0000
Isabel Long,Thursday,7642544.0000
Isabel Long,Friday,7473648.0000
Isabel Long,Saturday,8824816.0000
Isabel Long,Sunday,7895888.0000
Isabel Powell,Monday,18318.4000
Isabel Powell,Tuesday,100751.2000
Isabel Powell,Wednesday,54955.2000
Isabel Powell,Thursday,91592.0000
Isabel Powell,Friday,109910.4000
Isabel Powell,Saturday,54955.2000
Isabel Powell,Sunday,82432.8000
Isabella Evans,Monday,886968.0000
Isabella Evans,Tuesday,720661.5000
Isabella Evans,Wednesday,609790.5000
Isabella Evans,Thursday,997839.0000
Isabella Evans,Friday,1053274.5000
Isabella Evans,Saturday,942403.5000
Isabella Evans,Sunday,1385887.5000
Isabella Mitchell,Monday,19844941.2000
Isabella Mitchell,Tuesday,17954946.8000
Isabella Mitchell,Wednesday,17009949.6000
Isabella Mitchell,Thursday,19844941.2000
Isabella Mitchell,Friday,14174958.0000
Isabella Mitchell,Saturday,17954946.8000
Isabella Mitchell,Sunday,16064952.4000
Isabelle Henderson,Monday,374650.0800
Isabelle Henderson,Tuesday,163909.4100
Isabelle Henderson,Wednesday,140493.7800
Isabelle Henderson,Thursday,140493.7800
Isabelle Henderson,Friday,140493.7800
Isabelle Henderson,Saturday,163909.4100
Isabelle Henderson,Sunday,210740.6700
Jack Hayes,Monday,3514560.0000
Jack Hayes,Tuesday,2343040.0000
Jack Hayes,Wednesday,878640.0000
Jack Hayes,Thursday,3514560.0000
Jack Hayes,Friday,2635920.0000
Jack Hayes,Saturday,3514560.0000
Jack Hayes,Sunday,878640.0000
Jack Richins,Monday,6486898.5000
Jack Richins,Tuesday,6054438.6000
Jack Richins,Wednesday,6775205.1000
Jack Richins,Thursday,6150540.8000
Jack Richins,Friday,6054438.6000
Jack Richins,Saturday,5429774.3000
Jack Richins,Sunday,6583000.7000
Jackson Foster,Monday,2449425.6000
Jackson Foster,Tuesday,1632950.4000
Jackson Foster,Wednesday,816475.2000
Jackson Foster,Thursday,1632950.4000
Jackson Foster,Friday,4898851.2000
Jackson Foster,Saturday,1632950.4000
Jacob Martinez,Monday,0.0000
Jacob Martinez,Tuesday,0.0000
Jacob Martinez,Wednesday,0.0000
Jacob Martinez,Thursday,0.0000
Jacob Martinez,Friday,0.0000
Jacob Martinez,Saturday,0.0000
Jacob Martinez,Sunday,0.0000
James Evans,Monday,46253601.4500
James Evans,Tuesday,51631927.2000
James Evans,Wednesday,46612156.5000
James Evans,Thursday,40516720.6500
James Evans,Friday,47687821.6500
James Evans,Saturday,46253601.4500
James Evans,Sunday,44460826.2000
James Kumar,Monday,4661215.6500
James Kumar,Tuesday,4302660.6000
James Kumar,Wednesday,6453990.9000
James Kumar,Thursday,5019770.7000
James Kumar,Friday,7529656.0500
James Kumar,Saturday,3226995.4500
James Kumar,Sunday,5019770.7000
James Mitchell,Monday,3226995.4500
James Mitchell,Tuesday,3226995.4500
James Mitchell,Wednesday,2151330.3000
James Mitchell,Thursday,3944105.5500
James Mitchell,Friday,2509885.3500
James Mitchell,Saturday,2868440.4000
James Mitchell,Sunday,3585550.5000
Jane Greer,Monday,82554605.0000
Jane Greer,Tuesday,83599600.0000
Jane Greer,Wednesday,65834685.0000
Jane Greer,Thursday,62699700.0000
Jane Greer,Friday,67924675.0000
Jane Greer,Saturday,62699700.0000
Jane Greer,Sunday,80464615.0000
Jared Gray,Monday,0.0000
Jared Gray,Tuesday,0.0000
Jared Gray,Wednesday,0.0000
Jared Gray,Thursday,0.0000
Jared Gray,Friday,0.0000
Jared Gray,Saturday,0.0000
Jared Gray,Sunday,0.0000
Jarrod Rana,Monday,622076.4000
Jarrod Rana,Tuesday,622076.4000
Jarrod Rana,Wednesday,1244152.8000
Jarrod Rana,Thursday,1866229.2000
Jarrod Rana,Friday,622076.4000
Jarrod Rana,Saturday,1866229.2000
Jarrod Rana,Sunday,1244152.8000
Jay Carlson,Monday,249345.8000
Jay Carlson,Tuesday,174542.0600
Jay Carlson,Wednesday,224411.2200
Jay Carlson,Thursday,224411.2200
Jay Carlson,Friday,199476.6400
Jay Carlson,Saturday,174542.0600
Jay Carlson,Sunday,174542.0600
Jenny Liang,Monday,3573774.0000
Jenny Liang,Tuesday,3363552.0000
Jenny Liang,Wednesday,2943108.0000
Jenny Liang,Thursday,5465772.0000
Jenny Liang,Friday,2312442.0000
Jenny Liang,Saturday,1681776.0000
Jenny Liang,Sunday,3363552.0000
Jenny Zimmerman,Monday,31823906.4000
Jenny Zimmerman,Tuesday,13259961.0000
Jenny Zimmerman,Wednesday,15911953.2000
Jenny Zimmerman,Thursday,26519922.0000
Jenny Zimmerman,Friday,23867929.8000
Jenny Zimmerman,Saturday,13259961.0000
Jenny Zimmerman,Sunday,31823906.4000
Jermaine Kapoor,Monday,75499860.0000
Jermaine Kapoor,Tuesday,73290108.0000
Jermaine Kapoor,Wednesday,76236444.0000
Jermaine Kapoor,Thursday,66660852.0000
Jermaine Kapoor,Friday,72553524.0000
Jermaine Kapoor,Saturday,70712064.0000
Jermaine Kapoor,Sunday,67029144.0000
Jermaine Perez,Monday,1265748.2800
Jermaine Perez,Tuesday,1265748.2800
Jermaine Perez,Thursday,316437.0700
Jermaine Perez,Friday,316437.0700
Jermaine Perez,Saturday,632874.1400
Jermaine Perez,Sunday,949311.2100
Jessica Rodriguez,Monday,38992.5200
Jessica Rodriguez,Tuesday,58488.7800
Jessica Rodriguez,Wednesday,19496.2600
Jessica Rodriguez,Thursday,58488.7800
Jessica Rodriguez,Friday,19496.2600
Jessica Rodriguez,Saturday,19496.2600
Jessica Rodriguez,Sunday,58488.7800
Jill Gomez,Monday,217369512.1000
Jill Gomez,Tuesday,235762316.9700
Jill Gomez,Wednesday,237434390.1400
Jill Gomez,Thursday,237434390.1400
Jill Gomez,Friday,185600121.8700
Jill Gomez,Saturday,203992926.7400
Jill Gomez,Sunday,182255975.5300
Jodi Deng,Monday,10885124.2500
Jodi Deng,Tuesday,13787824.0500
Jodi Deng,Wednesday,8708099.4000
Jodi Deng,Thursday,13787824.0500
Jodi Deng,Friday,6531074.5500
Jodi Deng,Saturday,11610799.2000
Jodi Deng,Sunday,11610799.2000
Joe Gutierrez,Monday,816868.7000
Joe Gutierrez,Tuesday,864919.8000
Joe Gutierrez,Wednesday,816868.7000
Joe Gutierrez,Thursday,336357.7000
Joe Gutierrez,Friday,672715.4000
Joe Gutierrez,Saturday,576613.2000
Joe Gutierrez,Sunday,912970.9000
Johnny Kumar,Monday,2636625.6000
Johnny Kumar,Tuesday,1757750.4000
Johnny Kumar,Wednesday,2929584.0000
Johnny Kumar,Thursday,4394376.0000
Johnny Kumar,Friday,1464792.0000
Johnny Kumar,Saturday,1757750.4000
Johnny Kumar,Sunday,2343667.2000
Jonathan Butler,Monday,1073500.1200
Jonathan Butler,Tuesday,1073500.1200
Jonathan Butler,Wednesday,268375.0300
Jonathan Butler,Thursday,268375.0300
Jonathan Butler,Saturday,268375.0300
Jonathan Butler,Sunday,536750.0600
Jonathan Hernandez,Monday,138204.0000
Jonathan Hernandez,Tuesday,138204.0000
Jonathan Hernandez,Wednesday,100512.0000
Jonathan Hernandez,Thursday,87948.0000
Jonathan Hernandez,Friday,62820.0000
Jonathan Hernandez,Saturday,50256.0000
Jonathan Hernandez,Sunday,163332.0000
Jordyn Coleman,Monday,47573400.0000
Jordyn Coleman,Tuesday,45886400.0000
Jordyn Coleman,Wednesday,45886400.0000
Jordyn Coleman,Thursday,42849800.0000
Jordyn Coleman,Friday,35089600.0000
Jordyn Coleman,Saturday,42175000.0000
Jordyn Coleman,Sunday,44199400.0000
Joseph Cantoni,Monday,17444376.9500
Joseph Cantoni,Tuesday,19591377.1900
Joseph Cantoni,Wednesday,19054627.1300
Joseph Cantoni,Thursday,22275127.4900
Joseph Cantoni,Friday,16907626.8900
Joseph Cantoni,Saturday,19054627.1300
Joseph Cantoni,Sunday,15565751.7400
Joseph White,Monday,860540.0000
Joseph White,Tuesday,658060.0000
Joseph White,Wednesday,809920.0000
Joseph White,Thursday,961780.0000
Joseph White,Friday,809920.0000
Joseph White,Saturday,809920.0000
Joseph White,Sunday,759300.0000
José Lopez,Monday,548240.0000
José Lopez,Tuesday,219296.0000
José Lopez,Wednesday,603064.0000
José Lopez,Thursday,438592.0000
José Lopez,Friday,328944.0000
José Lopez,Saturday,657888.0000
José Lopez,Sunday,493416.0000
Julian Jenkins,Monday,155706.4000
Julian Jenkins,Tuesday,155706.4000
Julian Jenkins,Wednesday,119069.6000
Julian Jenkins,Thursday,146547.2000
Julian Jenkins,Friday,174024.8000
Julian Jenkins,Saturday,201502.4000
Julian Jenkins,Sunday,183184.0000
Julie Jai,Monday,5271840.0000
Julie Jai,Tuesday,4686080.0000
Julie Jai,Wednesday,5857600.0000
Julie Jai,Thursday,5857600.0000
Julie Jai,Friday,3807440.0000
Julie Jai,Saturday,4686080.0000
Julie Jai,Sunday,5271840.0000
Julie Luo,Monday,16063031.8850
Julie Luo,Tuesday,15001598.0600
Julie Luo,Wednesday,13869401.9800
Julie Luo,Thursday,13091017.1750
Julie Luo,Friday,12949492.6650
Julie Luo,Saturday,13444828.4500
Julie Luo,Sunday,13303303.9400
Jésus Munoz,Monday,40652466.6900
Jésus Munoz,Tuesday,40263447.8700
Jésus Munoz,Wednesday,38318353.7700
Jésus Munoz,Thursday,43764617.2500
Jésus Munoz,Friday,34817184.3900
Jésus Munoz,Saturday,34428165.5700
Jésus Munoz,Sunday,35595222.0300
Kaitlyn Allen,Monday,0.0000
Kaitlyn Allen,Tuesday,0.0000
Kaitlyn Allen,Wednesday,0.0000
Kaitlyn Allen,Thursday,0.0000
Kaitlyn Allen,Friday,0.0000
Kaitlyn Allen,Saturday,0.0000
Kaitlyn Allen,Sunday,0.0000
Kaitlyn Harris,Monday,1361565.8700
Kaitlyn Harris,Tuesday,1750584.6900
Kaitlyn Harris,Wednesday,1945094.1000
Kaitlyn Harris,Thursday,2334112.9200
Kaitlyn Harris,Friday,583528.2300
Kaitlyn Harris,Saturday,1750584.6900
Kaitlyn Harris,Sunday,1750584.6900
Karen Huang,Monday,0.0000
Karen Huang,Tuesday,0.0000
Karen Huang,Wednesday,0.0000
Karen Huang,Thursday,0.0000
Karen Huang,Friday,0.0000
Karen Huang,Saturday,0.0000
Karen Huang,Sunday,0.0000
Kate Becker,Monday,149702.4000
Kate Becker,Tuesday,324355.2000
Kate Becker,Wednesday,149702.4000
Kate Becker,Thursday,249504.0000
Kate Becker,Friday,249504.0000
Kate Becker,Saturday,149702.4000
Kate Becker,Sunday,199603.2000
Kate Raje,Monday,3468586.8000
Kate Raje,Tuesday,3189127.2000
Kate Raje,Wednesday,3074055.6000
Kate Raje,Thursday,3254882.4000
Kate Raje,Friday,3172688.4000
Kate Raje,Saturday,3369954.0000
Kate Raje,Sunday,3123372.0000
Katherine Cook,Monday,212040.0000
Katherine Cook,Tuesday,243846.0000
Katherine Cook,Wednesday,222642.0000
Katherine Cook,Thursday,201438.0000
Katherine Cook,Friday,53010.0000
Katherine Cook,Saturday,180234.0000
Katherine Cook,Sunday,180234.0000
Kathleen Rubio,Monday,1864532.4600
Kathleen Rubio,Tuesday,3180673.0200
Kathleen Rubio,Wednesday,1206462.1800
Kathleen Rubio,Thursday,2303245.9800
Kathleen Rubio,Friday,2083889.2200
Kathleen Rubio,Saturday,1864532.4600
Kathleen Rubio,Sunday,1645175.7000
Katrina Sharma,Monday,150436125.0000
Katrina Sharma,Tuesday,130992000.0000
Katrina Sharma,Wednesday,118711500.0000
Katrina Sharma,Thursday,144295875.0000
Katrina Sharma,Friday,122805000.0000
Katrina Sharma,Saturday,123828375.0000
Katrina Sharma,Sunday,128945250.0000
Keith Lal,Monday,160056.0000
Keith Lal,Tuesday,176061.6000
Keith Lal,Wednesday,166795.2000
Keith Lal,Thursday,155844.0000
Keith Lal,Friday,187012.8000
Keith Lal,Saturday,174376.8000
Keith Lal,Sunday,156686.4000
Keith Pal,Monday,40557242.1600
Keith Pal,Tuesday,39993947.1300
Keith Pal,Wednesday,38304062.0400
Keith Pal,Thursday,34924291.8600
Keith Pal,Friday,39993947.1300
Keith Pal,Saturday,37740767.0100
Keith Pal,Sunday,41683832.2200
Krista Gill,Monday,0.0000
Krista Gill,Tuesday,0.0000
Krista Gill,Wednesday,0.0000
Krista Gill,Thursday,0.0000
Krista Gill,Friday,0.0000
Krista Gill,Saturday,0.0000
Krista Gill,Sunday,0.0000
Kristen Li,Monday,0.0000
Kristen Li,Tuesday,0.0000
Kristen Li,Wednesday,0.0000
Kristen Li,Thursday,0.0000
Kristen Li,Friday,0.0000
Kristen Li,Saturday,0.0000
Kristen Li,Sunday,0.0000
Kristopher Martinez,Monday,300492.0000
Kristopher Martinez,Tuesday,267104.0000
Kristopher Martinez,Wednesday,200328.0000
Kristopher Martinez,Thursday,300492.0000
Kristopher Martinez,Friday,133552.0000
Kristopher Martinez,Saturday,233716.0000
Kristopher Martinez,Sunday,400656.0000
Kyle Young,Monday,4565923.2000
Kyle Young,Tuesday,5364336.0000
Kyle Young,Wednesday,4615824.0000
Kyle Young,Thursday,5289484.8000
Kyle Young,Friday,4940179.2000
Kyle Young,Saturday,4765526.4000
Kyle Young,Sunday,4990080.0000
Larry Gomez,Monday,6674678.2200
Larry Gomez,Tuesday,10012017.3300
Larry Gomez,Wednesday,5562231.8500
Larry Gomez,Thursday,10012017.3300
Larry Gomez,Friday,8899570.9600
Larry Gomez,Saturday,12236910.0700
Larry Gomez,Sunday,11124463.7000
Latasha Suarez,Monday,3975858.0000
Latasha Suarez,Tuesday,3919860.0000
Latasha Suarez,Wednesday,3807864.0000
Latasha Suarez,Thursday,3695868.0000
Latasha Suarez,Friday,3527874.0000
Latasha Suarez,Saturday,4479840.0000
Latasha Suarez,Sunday,3639870.0000
Lauren Cooper,Monday,436896.0000
Lauren Cooper,Tuesday,305827.2000
Lauren Cooper,Wednesday,327672.0000
Lauren Cooper,Thursday,415051.2000
Lauren Cooper,Friday,327672.0000
Lauren Cooper,Saturday,415051.2000
Lauren Cooper,Sunday,480585.6000
Levi Gonzalez,Monday,0.0000
Levi Gonzalez,Tuesday,0.0000
Levi Gonzalez,Wednesday,0.0000
Levi Gonzalez,Thursday,0.0000
Levi Gonzalez,Friday,0.0000
Levi Gonzalez,Saturday,0.0000
Levi Gonzalez,Sunday,0.0000
Levi Prasad,Monday,551932.2600
Levi Prasad,Tuesday,426493.1100
Levi Prasad,Wednesday,501756.6000
Levi Prasad,Thursday,200702.6400
Levi Prasad,Friday,451580.9400
Levi Prasad,Saturday,526844.4300
Levi Prasad,Sunday,602107.9200
Lisa Chen,Monday,2426742.1500
Lisa Chen,Tuesday,4160129.4000
Lisa Chen,Wednesday,2773419.6000
Lisa Chen,Thursday,3466774.5000
Lisa Chen,Friday,1733387.2500
Lisa Chen,Saturday,3466774.5000
Lisa Chen,Sunday,2426742.1500
Louis Hu,Monday,3316299.1400
Louis Hu,Tuesday,3042018.7600
Louis Hu,Wednesday,3316299.1400
Louis Hu,Thursday,3765121.5800
Louis Hu,Friday,3116822.5000
Louis Hu,Saturday,3341233.7200
Louis Hu,Sunday,2468523.4200
Luke Simmons,Monday,4048800.0000
Luke Simmons,Tuesday,2361800.0000
Luke Simmons,Wednesday,2361800.0000
Luke Simmons,Thursday,1687000.0000
Luke Simmons,Friday,4048800.0000
Luke Simmons,Saturday,1687000.0000
Luke Simmons,Sunday,3711400.0000
Mackenzie Adams,Monday,4279207.0200
Mackenzie Adams,Tuesday,3112150.5600
Mackenzie Adams,Wednesday,4668225.8400
Mackenzie Adams,Thursday,2917641.1500
Mackenzie Adams,Friday,3890188.2000
Mackenzie Adams,Saturday,1945094.1000
Mackenzie Adams,Sunday,1945094.1000
Mackenzie Ramirez,Monday,623760.0000
Mackenzie Ramirez,Tuesday,449107.2000
Mackenzie Ramirez,Wednesday,399206.4000
Mackenzie Ramirez,Thursday,474057.6000
Mackenzie Ramirez,Friday,324355.2000
Mackenzie Ramirez,Saturday,449107.2000
Mackenzie Ramirez,Sunday,324355.2000
Madison Foster,Monday,9266.4000
Madison Foster,Tuesday,7581.6000
Madison Foster,Wednesday,5896.8000
Madison Foster,Thursday,5896.8000
Madison Foster,Friday,7581.6000
Madison Foster,Saturday,7581.6000
Madison Foster,Sunday,5054.4000
Marc Romero,Monday,46033653.6000
Marc Romero,Tuesday,44789500.8000
Marc Romero,Wednesday,40434966.0000
Marc Romero,Thursday,41679118.8000
Marc Romero,Friday,41679118.8000
Marc Romero,Saturday,38568736.8000
Marc Romero,Sunday,43545348.0000
Mario Rai,Monday,0.0000
Mario Rai,Tuesday,0.0000
Mario Rai,Wednesday,0.0000
Mario Rai,Thursday,0.0000
Mario Rai,Friday,0.0000
Mario Rai,Saturday,0.0000
Mario Rai,Sunday,0.0000
Marissa price,Monday,238929.6000
Marissa price,Tuesday,398216.0000
Marissa price,Wednesday,199108.0000
Marissa price,Thursday,318572.8000
Marissa price,Friday,358394.4000
Marissa price,Saturday,398216.0000
Marissa price,Sunday,398216.0000
Martin Patel,Monday,74214.0000
Martin Patel,Tuesday,127224.0000
Martin Patel,Wednesday,84816.0000
Martin Patel,Thursday,42408.0000
Martin Patel,Friday,106020.0000
Martin Patel,Saturday,106020.0000
Martin Patel,Sunday,258121.4100
Marvin Gomez,Monday,29851524.0000
Marvin Gomez,Tuesday,29641302.0000
Marvin Gomez,Wednesday,25226640.0000
Marvin Gomez,Thursday,21442644.0000
Marvin Gomez,Friday,27749304.0000
Marvin Gomez,Saturday,27749304.0000
Marvin Gomez,Sunday,25647084.0000
María Flores,Monday,5407828.8600
María Flores,Tuesday,5140114.5600
María Flores,Wednesday,5086571.7000
María Flores,Thursday,5140114.5600
María Flores,Friday,5300743.1400
María Flores,Saturday,4979485.9800
María Flores,Sunday,5622000.3000
Mason Cook,Monday,2089990.0000
Mason Cook,Tuesday,5224975.0000
Mason Cook,Thursday,3134985.0000
Mason Cook,Friday,1044995.0000
Mason Cook,Saturday,3134985.0000
Mason Cook,Sunday,3134985.0000
Mason Wright,Monday,25098.4000
Mason Wright,Tuesday,25098.4000
Mason Wright,Wednesday,50196.8000
Mason Wright,Thursday,25098.4000
Mason Wright,Friday,50196.8000
Mason Wright,Saturday,100393.6000
Mason Wright,Sunday,50196.8000
Mayra Sanchez,Monday,658070.2800
Mayra Sanchez,Tuesday,987105.4200
Mayra Sanchez,Wednesday,987105.4200
Mayra Sanchez,Thursday,987105.4200
Mayra Sanchez,Friday,1206462.1800
Mayra Sanchez,Saturday,877427.0400
Mayra Sanchez,Sunday,658070.2800
Melanie Alexander,Monday,1742580.0000
Melanie Alexander,Tuesday,2207268.0000
Melanie Alexander,Wednesday,1394064.0000
Melanie Alexander,Thursday,1510236.0000
Melanie Alexander,Friday,1626408.0000
Melanie Alexander,Saturday,1974924.0000
Melanie Alexander,Sunday,1974924.0000
Melanie Russell,Monday,186164448.4000
Melanie Russell,Tuesday,200339406.4000
Melanie Russell,Wednesday,182384459.6000
Melanie Russell,Thursday,203174398.0000
Melanie Russell,Friday,189944437.2000
Melanie Russell,Saturday,175769479.2000
Melanie Russell,Sunday,161594521.2000
Melinda Jimenez,Monday,3707733.9000
Melinda Jimenez,Tuesday,3460551.6400
Melinda Jimenez,Wednesday,3460551.6400
Melinda Jimenez,Thursday,2966187.1200
Melinda Jimenez,Friday,3460551.6400
Melinda Jimenez,Saturday,4696462.9400
Melinda Jimenez,Sunday,3460551.6400
Michael John Troyer,Monday,514736.0000
Michael John Troyer,Tuesday,514736.0000
Michael John Troyer,Wednesday,926524.8000
Michael John Troyer,Thursday,926524.8000
Michael John Troyer,Friday,926524.8000
Michael John Troyer,Saturday,926524.8000
Michael John Troyer,Sunday,1338313.6000
Micheal Vazquez,Monday,2831390.8000
Micheal Vazquez,Tuesday,4247086.2000
Micheal Vazquez,Wednesday,2629148.6000
Micheal Vazquez,Thursday,3842601.8000
Micheal Vazquez,Friday,5258297.2000
Micheal Vazquez,Saturday,3842601.8000
Micheal Vazquez,Sunday,4044844.0000
Michele Raji,Monday,466108.1400
Michele Raji,Thursday,233054.0700
Michele Raji,Friday,466108.1400
Michele Raji,Saturday,466108.1400
Michele Raji,Sunday,1398324.4200
Miguel Gonzalez,Monday,9060761.0500
Miguel Gonzalez,Tuesday,7325721.7000
Miguel Gonzalez,Wednesday,8096850.3000
Miguel Gonzalez,Thursday,7210052.4100
Miguel Gonzalez,Friday,7017270.2600
Miguel Gonzalez,Saturday,7325721.7000
Miguel Gonzalez,Sunday,7518503.8500
Monique Torres,Monday,2349149.4000
Monique Torres,Tuesday,4698298.8000
Monique Torres,Wednesday,3132199.2000
Monique Torres,Thursday,3523724.1000
Monique Torres,Friday,2349149.4000
Monique Torres,Saturday,3132199.2000
Monique Torres,Sunday,3915249.0000
Morgan Hill,Monday,421481.3400
Morgan Hill,Tuesday,351234.4500
Morgan Hill,Wednesday,491728.2300
Morgan Hill,Thursday,210740.6700
Morgan Hill,Friday,257571.9300
Morgan Hill,Saturday,257571.9300
Morgan Hill,Sunday,491728.2300
Mya Coleman,Monday,0.0000
Mya Coleman,Tuesday,0.0000
Mya Coleman,Wednesday,0.0000
Mya Coleman,Thursday,0.0000
Mya Coleman,Friday,0.0000
Mya Coleman,Saturday,0.0000
Mya Coleman,Sunday,0.0000
Nancy Buchanan,Monday,7822395.0000
Nancy Buchanan,Tuesday,8933998.5000
Nancy Buchanan,Wednesday,8357611.5000
Nancy Buchanan,Thursday,8398782.0000
Nancy Buchanan,Friday,7163667.0000
Nancy Buchanan,Saturday,8563464.0000
Nancy Buchanan,Sunday,7987077.0000
Natalie Reed,Monday,78192.0000
Natalie Reed,Wednesday,156384.0000
Natalie Reed,Thursday,469152.0000
Natalie Reed,Friday,312768.0000
Natalie Reed,Saturday,234576.0000
Natalie Reed,Sunday,156384.0000
Natalie Williams,Monday,8360365.8500
Natalie Williams,Tuesday,11704512.1900
Natalie Williams,Wednesday,15048658.5300
Natalie Williams,Thursday,16720731.7000
Natalie Williams,Friday,16720731.7000
Natalie Williams,Saturday,21736951.2100
Natalie Williams,Sunday,5016219.5100
Nathaniel Howard,Monday,564874338.6000
Nathaniel Howard,Tuesday,538354416.6000
Nathaniel Howard,Wednesday,490618557.0000
Nathaniel Howard,Thursday,533050432.2000
Nathaniel Howard,Friday,490618557.0000
Nathaniel Howard,Saturday,562222346.4000
Nathaniel Howard,Sunday,485314572.6000
Nicolas Raje,Monday,262953.6000
Nicolas Raje,Tuesday,256692.8000
Nicolas Raje,Wednesday,181563.2000
Nicolas Raje,Thursday,175302.4000
Nicolas Raje,Friday,187824.0000
Nicolas Raje,Saturday,209736.8000
Nicolas Raje,Sunday,259823.2000
Noah Bryant,Monday,637145.6000
Noah Bryant,Tuesday,876075.2000
Noah Bryant,Wednesday,438037.6000
Noah Bryant,Thursday,676967.2000
Noah Bryant,Friday,676967.2000
Noah Bryant,Saturday,358394.4000
Noah Bryant,Sunday,398216.0000
Noah Jones,Monday,1051110.0000
Noah Jones,Tuesday,2102220.0000
Noah Jones,Wednesday,1261332.0000
Noah Jones,Thursday,2522664.0000
Noah Jones,Friday,1681776.0000
Noah Jones,Saturday,2312442.0000
Noah Jones,Sunday,1051110.0000
Olivia Bennett,Monday,0.0000
Olivia Bennett,Tuesday,0.0000
Olivia Bennett,Wednesday,0.0000
Olivia Bennett,Thursday,0.0000
Olivia Bennett,Friday,0.0000
Olivia Bennett,Saturday,0.0000
Olivia Bennett,Sunday,0.0000
Olivia Cox,Monday,4934085.0300
Olivia Cox,Tuesday,5612848.0500
Olivia Cox,Wednesday,5247360.2700
Olivia Cox,Thursday,5560635.5100
Olivia Cox,Friday,4803553.6800
Olivia Cox,Saturday,4673022.3300
Olivia Cox,Sunday,5116828.9200
Olivia Howard,Monday,411705.0000
Olivia Howard,Tuesday,370534.5000
Olivia Howard,Wednesday,288193.5000
Olivia Howard,Thursday,288193.5000
Olivia Howard,Friday,411705.0000
Olivia Howard,Saturday,329364.0000
Olivia Howard,Sunday,329364.0000
Pablo Rovira Diez,Monday,1007613.3600
Pablo Rovira Diez,Tuesday,755710.0200
Pablo Rovira Diez,Thursday,755710.0200
Pablo Rovira Diez,Friday,251903.3400
Pablo Rovira Diez,Saturday,251903.3400
Pablo Rovira Diez,Sunday,251903.3400
Patrick Sanders,Monday,2988748.8000
Patrick Sanders,Tuesday,2407603.2000
Patrick Sanders,Wednesday,2656665.6000
Patrick Sanders,Thursday,2781196.8000
Patrick Sanders,Friday,2511379.2000
Patrick Sanders,Saturday,2615155.2000
Patrick Sanders,Sunday,2718931.2000
Peter Black,Monday,550005.8200
Peter Black,Tuesday,707150.3400
Peter Black,Wednesday,1021439.3800
Peter Black,Thursday,785722.6000
Peter Black,Friday,550005.8200
Peter Black,Saturday,550005.8200
Peter Black,Sunday,471433.5600
Philip Gutierrez,Monday,15311159.5000
Philip Gutierrez,Tuesday,15926683.5000
Philip Gutierrez,Wednesday,13464587.5000
Philip Gutierrez,Thursday,14464814.0000
Philip Gutierrez,Friday,14695635.5000
Philip Gutierrez,Saturday,15695862.0000
Philip Gutierrez,Sunday,16542207.5000
Preston Perez,Monday,16374000.0000
Preston Perez,Tuesday,16374000.0000
Preston Perez,Wednesday,8187000.0000
Preston Perez,Thursday,16374000.0000
Preston Perez,Friday,8187000.0000
Preston Perez,Saturday,18420750.0000
Preston Perez,Sunday,23537625.0000
Randall Ruiz,Monday,374800.0200
Randall Ruiz,Tuesday,481885.7400
Randall Ruiz,Wednesday,508657.1700
Randall Ruiz,Thursday,508657.1700
Randall Ruiz,Friday,535428.6000
Randall Ruiz,Saturday,455114.3100
Randall Ruiz,Sunday,401571.4500
Randy Zhang,Monday,1154107.5000
Randy Zhang,Tuesday,1615750.5000
Randy Zhang,Wednesday,1077167.0000
Randy Zhang,Thursday,1538810.0000
Randy Zhang,Friday,1000226.5000
Randy Zhang,Saturday,1307988.5000
Randy Zhang,Sunday,1538810.0000
Raymond Madan,Monday,6098976.0000
Raymond Madan,Tuesday,7193664.0000
Raymond Madan,Wednesday,4847904.0000
Raymond Madan,Thursday,5786208.0000
Raymond Madan,Friday,5160672.0000
Raymond Madan,Saturday,5082480.0000
Raymond Madan,Sunday,4222368.0000
Richard Brown,Monday,13470826.5000
Richard Brown,Tuesday,11087100.0000
Richard Brown,Wednesday,10255567.5000
Richard Brown,Thursday,9091422.0000
Richard Brown,Friday,12417552.0000
Richard Brown,Saturday,10976229.0000
Richard Brown,Sunday,9368599.5000
Richard Cooper,Monday,401870.9800
Richard Cooper,Tuesday,386264.3400
Richard Cooper,Wednesday,364805.2100
Richard Cooper,Thursday,411625.1300
Richard Cooper,Friday,372608.5300
Richard Cooper,Saturday,403821.8100
Richard Cooper,Sunday,351149.4000
Richard Martinez,Monday,0.0000
Richard Martinez,Tuesday,0.0000
Richard Martinez,Wednesday,0.0000
Richard Martinez,Thursday,0.0000
Richard Martinez,Friday,0.0000
Richard Martinez,Saturday,0.0000
Richard Martinez,Sunday,0.0000
Robin Ortega,Monday,675584.0000
Robin Ortega,Tuesday,1055600.0000
Robin Ortega,Wednesday,844480.0000
Robin Ortega,Thursday,717808.0000
Robin Ortega,Friday,675584.0000
Robin Ortega,Saturday,380016.0000
Robin Ortega,Sunday,591136.0000
Rodney Sanz,Monday,4579484.0000
Rodney Sanz,Tuesday,6212169.6000
Rodney Sanz,Wednesday,4818413.6000
Rodney Sanz,Thursday,5336094.4000
Rodney Sanz,Friday,5415737.6000
Rodney Sanz,Saturday,4340554.4000
Rodney Sanz,Sunday,5176808.0000
Ryan Alexander,Monday,636860.2950
Ryan Alexander,Tuesday,495335.7850
Ryan Alexander,Wednesday,707622.5500
Ryan Alexander,Thursday,495335.7850
Ryan Alexander,Friday,919909.3150
Ryan Alexander,Saturday,212286.7650
Ryan Alexander,Sunday,636860.2950
Ryan Davis,Monday,16147908.0000
Ryan Davis,Tuesday,16380252.0000
Ryan Davis,Wednesday,13243608.0000
Ryan Davis,Thursday,16147908.0000
Ryan Davis,Friday,14870016.0000
Ryan Davis,Saturday,14521500.0000
Ryan Davis,Sunday,13243608.0000
Samuel Johnston,Monday,767924.0000
Samuel Johnston,Tuesday,767924.0000
Samuel Johnston,Wednesday,600984.0000
Samuel Johnston,Thursday,634372.0000
Samuel Johnston,Friday,600984.0000
Samuel Johnston,Saturday,333880.0000
Samuel Johnston,Sunday,400656.0000
Samuel Robinson,Monday,24473820.1400
Samuel Robinson,Tuesday,21136481.0300
Samuel Robinson,Wednesday,14461802.8100
Samuel Robinson,Thursday,18911588.2900
Samuel Robinson,Friday,17799141.9200
Samuel Robinson,Saturday,18911588.2900
Samuel Robinson,Sunday,15574249.1800
Samuel Sharma,Monday,0.0000
Samuel Sharma,Tuesday,0.0000
Samuel Sharma,Wednesday,0.0000
Samuel Sharma,Thursday,0.0000
Samuel Sharma,Friday,0.0000
Samuel Sharma,Saturday,0.0000
Samuel Sharma,Sunday,0.0000
Samuel Young,Monday,1796895.1800
Samuel Young,Tuesday,1650636.2700
Samuel Young,Wednesday,1358118.4500
Samuel Young,Thursday,1629742.1400
Samuel Young,Friday,1190965.4100
Samuel Young,Saturday,1316330.1900
Samuel Young,Sunday,1211859.5400
Sean Green,Monday,4992478.1700
Sean Green,Tuesday,5042653.8300
Sean Green,Wednesday,4490721.5700
Sean Green,Thursday,5143005.1500
Sean Green,Friday,5318619.9600
Sean Green,Saturday,4666336.3800
Sean Green,Sunday,4691424.2100
Seth Bennett,Monday,287168.9700
Seth Bennett,Tuesday,287168.9700
Seth Bennett,Wednesday,78318.8100
Seth Bennett,Thursday,261062.7000
Seth Bennett,Friday,339381.5100
Seth Bennett,Saturday,156637.6200
Seth Bennett,Sunday,156637.6200
Shaun Andersen,Monday,730975.5600
Shaun Andersen,Tuesday,287168.9700
Shaun Andersen,Wednesday,339381.5100
Shaun Andersen,Thursday,496019.1300
Shaun Andersen,Friday,417700.3200
Shaun Andersen,Saturday,417700.3200
Shaun Andersen,Sunday,443806.5900
Sheena Chande,Monday,1940166.0000
Sheena Chande,Tuesday,2173410.0000
Sheena Chande,Wednesday,1918962.0000
Sheena Chande,Thursday,1961370.0000
Sheena Chande,Friday,2077992.0000
Sheena Chande,Saturday,2258226.0000
Sheena Chande,Sunday,2364246.0000
Shelley Dyck,Monday,17946311.2500
Shelley Dyck,Tuesday,17946311.2500
Shelley Dyck,Wednesday,7178524.5000
Shelley Dyck,Thursday,12921344.1000
Shelley Dyck,Friday,8614229.4000
Shelley Dyck,Saturday,12203491.6500
Shelley Dyck,Sunday,18664163.7000
Spencer Bennett,Monday,490336.0000
Spencer Bennett,Tuesday,441302.4000
Spencer Bennett,Wednesday,343235.2000
Spencer Bennett,Thursday,392268.8000
Spencer Bennett,Friday,490336.0000
Spencer Bennett,Saturday,490336.0000
Spencer Bennett,Sunday,196134.4000
Stephanie Alexander,Monday,41415168.0000
Stephanie Alexander,Tuesday,50540544.0000
Stephanie Alexander,Wednesday,38958336.0000
Stephanie Alexander,Thursday,47732736.0000
Stephanie Alexander,Friday,42819072.0000
Stephanie Alexander,Saturday,42468096.0000
Stephanie Alexander,Sunday,46679808.0000
Steven Peterson,Monday,1462219.5000
Steven Peterson,Tuesday,1364738.2000
Steven Peterson,Wednesday,1481715.7600
Steven Peterson,Thursday,1052798.0400
Steven Peterson,Friday,1384234.4600
Steven Peterson,Saturday,1540204.5400
Steven Peterson,Sunday,1208768.1200
Steven Watson,Monday,2349288.0000
Steven Watson,Tuesday,2349288.0000
Steven Watson,Wednesday,1566192.0000
Steven Watson,Thursday,1566192.0000
Steven Watson,Friday,2871352.0000
Steven Watson,Saturday,2610320.0000
Steven Watson,Sunday,1305160.0000
Tabitha Gonzalez,Monday,4092084.0000
Tabitha Gonzalez,Tuesday,4910500.8000
Tabitha Gonzalez,Wednesday,4092084.0000
Tabitha Gonzalez,Thursday,6547334.4000
Tabitha Gonzalez,Friday,6001723.2000
Tabitha Gonzalez,Saturday,3273667.2000
Tabitha Gonzalez,Sunday,3273667.2000
Tabitha Rodriguez,Monday,11235833.1800
Tabitha Rodriguez,Tuesday,9664387.9800
Tabitha Rodriguez,Wednesday,7700081.4800
Tabitha Rodriguez,Thursday,11550122.2200
Tabitha Rodriguez,Friday,9664387.9800
Tabitha Rodriguez,Saturday,12021555.7800
Tabitha Rodriguez,Sunday,8014370.5200
Tara Xie,Monday,111996.0000
Tara Xie,Tuesday,55998.0000
Tara Xie,Wednesday,55998.0000
Tara Xie,Thursday,167994.0000
Tara Xie,Friday,167994.0000
Tara Xie,Saturday,111996.0000
Tasha Yuan,Monday,60419164.8000
Tasha Yuan,Tuesday,52254412.8000
Tasha Yuan,Wednesday,50621462.4000
Tasha Yuan,Thursday,64501540.8000
Tasha Yuan,Friday,53887363.2000
Tasha Yuan,Saturday,57153264.0000
Tasha Yuan,Sunday,57969739.2000
Thomas Li,Monday,5742819.6000
Thomas Li,Tuesday,7178524.5000
Thomas Li,Wednesday,9332081.8500
Thomas Li,Thursday,9332081.8500
Thomas Li,Friday,3589262.2500
Thomas Li,Saturday,3589262.2500
Thomas Li,Sunday,2871409.8000
Thomas Martinez,Monday,185149767.6000
Thomas Martinez,Tuesday,206024496.3000
Thomas Martinez,Wednesday,166090232.7000
Thomas Martinez,Thursday,169720620.3000
Thomas Martinez,Friday,163367442.0000
Thomas Martinez,Saturday,185149767.6000
Thomas Martinez,Sunday,181519380.0000
Timothy Sanders,Monday,548560.7600
Timothy Sanders,Tuesday,274280.3800
Timothy Sanders,Wednesday,274280.3800
Timothy Sanders,Thursday,523626.1800
Timothy Sanders,Friday,349084.1200
Timothy Sanders,Saturday,249345.8000
Timothy Sanders,Sunday,523626.1800
Tina Lopez,Monday,45083867.4000
Tina Lopez,Tuesday,53039844.0000
Tina Lopez,Wednesday,29171914.2000
Tina Lopez,Thursday,34475898.6000
Tina Lopez,Friday,53039844.0000
Tina Lopez,Saturday,50387851.8000
Tina Lopez,Sunday,66299805.0000
Trish Pederson,Monday,10233750.0000
Trish Pederson,Tuesday,8187000.0000
Trish Pederson,Wednesday,8187000.0000
Trish Pederson,Thursday,13303875.0000
Trish Pederson,Friday,7163625.0000
Trish Pederson,Saturday,5116875.0000
Trish Pederson,Sunday,7163625.0000
Trisha Sun,Monday,27411125.0400
Trisha Sun,Tuesday,27008020.2600
Trisha Sun,Wednesday,25261232.8800
Trisha Sun,Thursday,25126864.6200
Trisha Sun,Friday,25261232.8800
Trisha Sun,Saturday,25126864.6200
Trisha Sun,Sunday,29292280.6800
Tristan Butler,Monday,20894.1300
Tristan Butler,Tuesday,41788.2600
Tristan Butler,Wednesday,104470.6500
Tristan Butler,Thursday,62682.3900
Tristan Butler,Friday,20894.1300
Tristan Butler,Saturday,20894.1300
Troy Chandra,Monday,3571659.0000
Troy Chandra,Tuesday,2381106.0000
Troy Chandra,Wednesday,8333871.0000
Troy Chandra,Friday,1190553.0000
Troy Chandra,Sunday,3571659.0000
Tyrone Ruiz,Monday,0.0000
Tyrone Ruiz,Tuesday,0.0000
Tyrone Ruiz,Wednesday,0.0000
Tyrone Ruiz,Thursday,0.0000
Tyrone Ruiz,Friday,0.0000
Tyrone Ruiz,Saturday,0.0000
Tyrone Ruiz,Sunday,0.0000
Victoria Powell,Monday,10100921.6000
Victoria Powell,Tuesday,11424828.8000
Victoria Powell,Wednesday,8237644.8000
Victoria Powell,Thursday,9708652.8000
Victoria Powell,Friday,8286678.4000
Victoria Powell,Saturday,9806720.0000
Victoria Powell,Sunday,10297056.0000
Victoria Williams,Monday,31886511.5400
Victoria Williams,Tuesday,32875240.5800
Victoria Williams,Wednesday,31392147.0200
Victoria Williams,Thursday,31392147.0200
Victoria Williams,Friday,36335792.2200
Victoria Williams,Saturday,29661871.2000
Victoria Williams,Sunday,29909053.4600
Virginia Rodriguez,Monday,5481348.6000
Virginia Rodriguez,Tuesday,5089823.7000
Virginia Rodriguez,Wednesday,6264398.4000
Virginia Rodriguez,Thursday,5481348.6000
Virginia Rodriguez,Friday,6264398.4000
Virginia Rodriguez,Saturday,7047448.2000
Virginia Rodriguez,Sunday,7438973.1000
Walter Jimenez,Monday,21736951.2100
Walter Jimenez,Tuesday,23409024.3800
Walter Jimenez,Wednesday,26753170.7200
Walter Jimenez,Thursday,25081097.5500
Walter Jimenez,Friday,31769390.2300
Walter Jimenez,Saturday,13376585.3600
Walter Jimenez,Sunday,33441463.4000
Warren Zhao,Monday,85719816.0000
Warren Zhao,Tuesday,79767051.0000
Warren Zhao,Wednesday,79767051.0000
Warren Zhao,Thursday,84529263.0000
Warren Zhao,Friday,82148157.0000
Warren Zhao,Saturday,86910369.0000
Warren Zhao,Sunday,80957604.0000
Whitney Sanchez,Monday,21459.1300
Whitney Sanchez,Tuesday,17557.4700
Whitney Sanchez,Wednesday,15606.6400
Whitney Sanchez,Thursday,9754.1500
Whitney Sanchez,Friday,17557.4700
Whitney Sanchez,Saturday,17557.4700
Whitney Sanchez,Sunday,15606.6400
Willie Gao,Monday,0.0000
Willie Gao,Tuesday,0.0000
Willie Gao,Wednesday,0.0000
Willie Gao,Thursday,0.0000
Willie Gao,Friday,0.0000
Willie Gao,Saturday,0.0000
Willie Gao,Sunday,0.0000
Xavier Smith,Monday,9983565.9000
Xavier Smith,Tuesday,7260775.2000
Xavier Smith,Wednesday,8168372.1000
Xavier Smith,Thursday,7260775.2000
Xavier Smith,Friday,9075969.0000
Xavier Smith,Saturday,5445581.4000
Xavier Smith,Sunday,6353178.3000
